1nd->1st
a a->a
abandone->abandon
abnormaly->abnormally
abnove->above
aboce->above
abosulte->absolute
abourt->abort
aboved->above
aboves->above
abtract->abstract
abvious->obvious
acccesses->accesses
accecpted->accepted
accelarate->accelerate
accesible->accessible
accesory->accessory
accessbile->accessible
accessibiliity->accessibility
accessibiliy->accessible
accessibilty->accessibility
accessiblerolte->accessiblerole
accessiblilty->accessibility
accessisble->accessible
accessort->accessor
accidentically->accidentally
accompt->account
accoringly->accordingly
accound->account
accoutn->account
accress->access
accrodingly->accordingly
accssor->accessor
accurable->accurate
acditionally->additionally
acessing->accessing
acessor->accessor
achor->Anchor
ACII->ASCII
acitivate->activate
acitivation->activation
acitvate->activate
acivate->activate
acive->active
acocunt->account
acontiguous->a contiguous
acssumed->assumed
actibity->activity
actine->active
activationg->activating
activeta->activate
activitis->activities
activties->activities
activw->active
actuall->actually
actuell->actual
acuired->acquired
acuires->acquires
acutual->actual
adapive->adaptive
adaptee->adapted
addapt->adapt
addaptation->adaptation
addes->adds
addig->adding
additioanlly->additionally
additionallly->additionally
addreess->address
adge->edge, badge, adage,
adges->edges, badges, adages,
adin->admin
adjast->adjust
adjsuted->adjusted
adjusment->adjustment
adjustement->adjustment
administation->administration
administor->administrator
adobted->adopted
aeactivate->deactivate
aequidistant->equidistant
aequivalent->equivalent
afetr->after
affekt->effect
afterw->after
againsg->against
aggreate->aggregate
aggregatet->aggregated
aggrgate->aggregate
ajacent->adjacent
algorihm->algorithm
alhabeticaly->alphabetically
alignation->alignment
alignd->aligned
alignemt->alignment
alignes->aligns
alignmant->alignment
alignmen->alignment
alignmnet->alignment
alising->aliasing
aliver->liver
alled->called
alloced->allocated
alloed->allowed
allowe->allowed
alls->all
allso->also
allws->allows
alogned->aligned
aloows->allows
alowinserts->allowinserts
alpah->alpha
alpahbetically->alphabetically
alphabeticly->alphabetical
alph->alpha
alread->already
alreadt->already
alreasy->already
alredy->already
alse->also, else,
alsready->already
alternatve->alternative
althogh->although
althoug->although
altready->already
alue->value
ambedded->embedded
amgle->angle
amgles->angles
amiguous->ambiguous
amonst->amongst
amuch->much
analises->analysis, analyses,
an an->an
ancapsulate->encapsulate
anchord->anchored
andlers->handlers
anevironment->environment
animatior->animation
animaton->animation
aninate->animate
anination->animation
anisotrophically->anisotropically
anitaliasing->antialiasing
anitialising->antialiasing
anlyzing->analyzing
anologon->analogon
anonymus->anonymous
anormaly->abnormally
anroid->android
ansynchronous->asynchronous
antaliasing->antialiasing
anthor->another
antialialised->antialialiased
antialising->antialiasing
an we->and we
an will->and will
an window->a window
an with->and with
anyhing->anything
anynmore->anymore
anythimng->anything
aond->and
aovid->avoid
apapted->adapted
aparently->apparently
apeends->appends
apllicatin->application
apllication->application
appedn->append
appendent->appended
appendign->appending
appens->appends
appied->applied
applay->apply
appliable->applicable
applicabel->applicable
applicaten->application
applicatin->application
applicationevnet->applicationevent
applikation->application
applyable->applicable
applycable->applicable
applyied->applied
applys->applies
appon->upon
apporpiate->appropriate
apppend->append
appplet->applet
approbiate->appropriate
approperiate->appropriate
appropriatedly->appropriately
approrpriate->appropriate
approrpriately->appropriately
appy->apply
aproach->approach
aprrovement->approvement
aprtment->apartment
aquires->acquires
ararbic->arabic
arays->arrays
arbitraryly->arbitrary
arbitraty->arbitrary
arbritary->arbitrary
archor->anchor
arcticle->article
aren's->aren't
argumant->argument
argumants->arguments
argumentents->arguments
arithemetic->arithmetic
arithmetics->arithmetic
arive->arrive
aronud->around
arragement->arrangement
arrance->arrange
arrary->array
arrys->arrays
artihmetic->arithmetic
asceding->ascending
aske->ask
askes->asks
asny->any
asnychronoue->asynchronous
aspected->expected
asscoitaed->associated
assiging->assigning
assigmnent->assignment
assing->assign
assocations->associations
associdated->associated
associeted->associated
assoiciative->associative
asssuming->assuming
assumtions->assumption
asynchornous->asynchronous
asynchrons->asynchronous
asynchrounous->asynchronous
asynchrounsly->asynchronously
asynschron->asynchronous
atemptively->attemptively
atempts->attempts
atevents->atevent
atorecovery->autorecovery
atribs->attribs
atribut->attribut
atrtributes->attributes
attachen->attach
attachted->attached
attept->attempt
attibuted->attributed
attrbiute->attribute
attribbute->attribute
attribiute->attribute
attribiutes->attributes
attribtes->attribute
attribues->attributes
attribuite->attribute
attribures->attributes
attributei->attribute
attributs->attributes
attriubtes->attributes
attrubute->attribute
auccessive->successive
auospacing->autospacing
auot->auto
auotmatic->automatic
autmatically->automatically
autocommiting->autocommitting
autocoomit->autocommit
autofilt->autofilter
autofomat->autoformat
autogrowwith->autogrowwidth
autoincrementive->autoincrement
automatially->automatically
automatical->automatically, automatic, automated,
automtically->automatically
autoutline->autooutline
avaiblable->available
availavle->available
avalibale->available
avaoid->avoid
avarege->average
avary->every
avcoids->avoids
aviod->avoid
avtive->active
awnser->answer
axises->axes
bacause->because
bacic->basic
backbround->background
backsapce->backspace
backtransparant->backtransparent
backwords->backwards
backwrad->backward
bage->bag
baisc->basic
balacing->balancing
ballonmode->balloonmode
balse->false
bandaid->band-aid
barbedos->barbados
basci->basic
basf->base
basicmanger->basicmanager
basidide->basicide
beasties->beasts
beaviour->behaviour
be be->be
becasuse->because
becauses->because
bechmark->benchark
beding->begging
begginning->beginning
begines->begins
beginn->begin
behabviour->behaviour
behavious->behaviour
behavioutr->behaviour
behaviuor->behavior
behinde->behind
behing->behind
behvaiour->behaviour
beind->behind
beinning->beginning
bejond->beyond
beliefes->beliefs, believes,
belond->belong
beloning->belonging
benchamarked->benchmarked
beneeth->beneath
beseclass->baseclass
betweeness->betweenness
betwene->between
beweeen->between
bewteeness->betweenness
beyound->beyond
bginning->beginning
billon->billion
binairy->binary
binanary->binary
bistream->bitstream
bitamps->bitmaps
bizare->bizarre
bizarely->bizarrely
blak->blank
blcok->block
blcoks->blocks
blokcer->blocker
blured->blurred
boddy->body
bodgy->body
bookmar->bookmark
boold->bool
booleanss->booleans
boolen->boolean
booolean->boolean
bordrelines->borderline
bordrelines->borderlines
bothe->both
botifies->notifies
bottomborde->bottomborder
botton->bottom
boundaryi->boundary
brach->branch
brackeds->brackets
brackground->background
brance->branches
braodcasted->broadcasted
breakes->breaks
brfore->before
brigthness->brightness
bringtofont->bringtofront
broblematic->problematic
bufer->buffer
bufers->buffers
buffereed->buffered
bufferent->buffered
buffor->buffer
buffors->buffers
bugous->bogus
buguous->bogus
buld->build
bulle->bullet
bult->built
bult-in->built-in
bumb->bump
bumpded->bumped
buttosn->buttons
butttons->buttons
buuild->build
cach->catch
cachse->cache
caclate->calculate
cahannel->channel
cahce->cache
calcable->calculable
calcualtion->calculation
calcualtions->calculations
calculaion->calculation
calcutated->calculated
caleed->called
caler->caller
callef->called
callibri->calibri
calss->calls
calsses->classes
canadan->canadian
cancelability->cancellability
cancelles->cancels
cancled->canceled
cange->change
cann't->can't
caputre->capture
caractere->character
carfull->carefull
carryintg->carrying
caseingore->caseignore
caseinlie->caseinline
case-insenstive->case-insensitive
casesensitve->casesensitive
cashe->cache
catastropically->catastrophically
catory->factory
cauched->catched
ccahe->cache
ccertificate->certificate
ceation->creation
cellst->cells
cellxs->cells
centain->certain
centerd->centered
centimetres->centimeters
cerate->create
cereates->creates
certan->certain
certianly->certainly
certifcation->certification
certificat->certificate
certifice->certificate
certifificates->certificates
certiticate->certificate
chached->cached
chage->change
chaged->changed
chages->changes
chahged->changed
chaned->changed
changuing->changing
chanined->chained
chaning->chaining
chaper->chapter
characetrs->characters
characstyle->charstyle
characteres->characters
charactersm->characters
charactristics->characteristics
characture->character
chararacter->character
charas->chars
charascters->characters
charcater->character
cheching->checking
checkd->checked
childres->children
chiledren->children
chineese->chinese
chiuldren->children
chnge->change
chopipng->chopping
chosed->chose
choser->chooser
chrashed->crashed
chuncks->chunks
cintaner->container
circularly->circulary
circustances->circumstances
ciritcal->critical
ciriteria->criteria
cirsumstances->circumstances
clarety->clarity
classe->class, classes,
clcosed->closed
cleantup->cleanup
cleare->cleared
cleck->check
clevely->cleverly
cliensite->clientside
clockwíse->clockwise
clodes->closed
closelistners->closelisteners
clsoe->close
cluase->clause
clumn->column
cmobination->combination
cnter->center
cobvers->covers
codepoitn->codepoint
coditions->conditions
coeficent->coefficient
coeficents->coefficients
coice->choice
coinitailize->coinitialize
colerscheme->colorscheme
collaction->collection
collecing->collecting
collektion->collection
colletion->collection
collorscheme->colorscheme
colmns->columns
colmuned->columned
colomns->columns
colsed->closed
colummn->column
columnular->columnar
columsn->columns
combained->combined
combiantion->combination
combinatorical->combinatorial
combinbe->combined
combind->combined
comilers->compilers
commen->comment
commens->comments
commmon->common
commnent->comment
commom->common
commpessed->compressed
commpn->common
comobobox->combobox
comon->common
compabillity->compatibility
compareable->comparable
compatitbility->compatibility
compaytibility->compatibility
compeletely->completely
compelte->complete
compicated->complicated
compitable->compatible
complelely->completely
completelly->completely
completelty->completely
completetly->completely
complettly->completely
compoennt->component
compoent->component
componbents->components
componding->compounding
componentes->components
composit->composite
compredded->compressed
compreser->compressor
compresor->compressor
compresser->compressor
compromize->compromise
compsite->composite
comptue->compute
comsuming->consuming
comute->commute
conatain->contain
conatainer->conaitner
conatains->contains
conatiner->container
conatiners->containers
conbtrols->controls
concatenaded->concatenated
concatened->concatenated
concating->concatenating
concentraze->concentrate
concered->concerned
concurency->concurrency
condionally->conditionally
conditons->conditions
condntional->conditional
condtional->conditional
condtionally->conditionally
condtioned->conditioned
condtions->conditions
coneect->connect
coneected->connected
conetxt->context
configuartion->configuration
configuartions->configurations
configuerd->configured
configuraiton->configuration
configuratin->configurating
configuratiom->configuration
configuratuion->configuration
configury->configurable
confort->comfort
conig->config
conjuctions->conjunctions
conmnection->connection
conncetion->connection
connectionas->connections
conneiction->connection
connektors->connectors
conntents->contents
conrol->control
consequentially->consequently
considere->considered
consideren->considered
considred->considered
consitently->consistently
constallation->constellation
constantsm->constants
constcurts->constructs
constistency->consistency
constists->consists
constitently->consistently
constraing->constraint
constrcuct->construct
construcor->constructor
constructcor->constructor
constructure->constructor
construktor->constructor
construnctor->constructor
construrtors->constructors
constrution->construction
constuct->construct
constucted->constructed
constucting->constructing
consturct->construct
contaier->container
containa->contain
containees->containers
containings->containing
containint->containing
containn->contain
containuations->continuations
contaiun->contain
contatenated->concatenated
contens->contents
contet->contest
contexta->context
contexual->contextual
contiguious->contiguous
contiguos->contiguous
contination->continuation
continging->containing
continoue->continue
continure->continue
contnt->content
contolls->controls
contols->controls
contorls->controls
contradically->contradictally
contrl->control
contro->control
controllerd->controlled
contsruction->construction
contstant->constant
contstants->constants
contstructing->constructing
contur->contour
contzains->contains
conveneince->convenience
conveniance->convenience
convension->conversion
convered->covered
convering->covering
converitble->convertible
convience->convince, convenience,
convserion->conversion
cooporative->cooperative
coordiates->coordinates
coordinte->coordinate
cooridates->coordinates
coorinates->coordinates
copmonent->component
coponent->component
copstruction->construction
copyed->copied
copyied->copied
coreespond->correspond
corener->corner
corrcect->correct
corrct->correct
correcly->correctly
correctures->correctors
correcxt->correct
corrent->correct
correponsing->corresponding
correspinding->corresponding
correspondig->corresponding
corret->correct
correted->corrected
corrrected->corrected
corrresponds->corresponds
corrspond->corresponds
costruct->construct
cotain->contain
cotained->contained
cotainer->container
cotains->contains
could'nt->couldn't
could't->couldn't
couln't->couldn't
cound->could, count,
counding->counting
coundition->condition
counds->counts
countr->counter
cource->course
couses->causes
cousing->cousin
couted->counted
coveres->covers
coverting->converting
covnert->convert
coyp->copy
cpation->caption
cpoy->copy
craete->create
crahses->crashes
crasher->crash
crashers->crashes
crated->created
creaed->created
createable->creatable
createing->creating
credate->created
cretae->create
criteriom->criterion
crossin->crossing
crrespond->correspond
cruncing->crunching
crusor->cursor
cryto->crypto
crytpo->crypto
cummunicate->communicate
curent->current
curentfilter->currentfilter
curretly->currently
curros->cursor
currrency->currency
currrent->current
curruent->current
curser->cursor
cursro->cursor
customable->customizable
custumized->customized
cuurently->currently
cyrptoapi->cryptoapi
cyrpto->crypto
cyrto->crypto
dabase->database
dadlock->deadlock
dafaults->defaults
dake->take
dasdot->dashdot
dashs->dashes
databae->database
datadefintion->datadefinition
datasereis->dataseries
datasourfce->datasource
datbase->database
datea->data
datefiled->datefilled
datta->data
daty->data
dbacess->dbaccess
deacitivation->deactivation
deactivatiion->deactivation
de-actived->deactivated
deactived->deactivated
deactiving->deactivating
deafults->defaults
dealign->dealing
deativated->deactivated
deativate->deactivate
deativates->deactivates
deativation->deactivation
debiab->Debian
decalratiosn->declarations
deccelerate->decelerate
decission->decision
declarated->declared
declar->declare
declataions->declarations
declerations->declarations
decomoposition->decomposition
decompostion->decomposition
decompreser->decompressor
decompresor->decompressor
decompresser->decompressor
decompse->decompose
decopose->decompose
decoposes->decomposes
decoratrion->decoration
decresing->decreasing
decription->description
decriptions->descriptions
decriptors->descriptors
decroation->decoration
decrytion->decryption
decsriptor->descriptor
decsriptors->descriptors
dectected->detected
dectecting->detecting
dectection->detection
dectector->detector
dectivate->deactivate
defalut->default
defaulst->default
defaultet->defaulted
defauts->defaults
defecit->deficit
defenitly->definitely
deferentiating->differentiating
deferreal->deferral
deffirent->different
definied->defined
definifiton->definition
definitian->definition
definitivly->definitively
definitoin->definition
definned->defined
defuncs->death
degreee->degree
degreees->degrees
deined->defined
delarations->declarations
delele->delete
delelte->delete
delet->delete
deleteion->deletion
delets->deletes
delink->unlink
delted->deleted
deltes->deletes
demaned->demand
depandancies->dependencies
depeding->depending
dependcies->dependencies
dependcy->dependency
dependeing->depending
dependendent->dependent
dependenies->dependencies
dependening->depending
dependeny->dependency
dependig->depending
dependncies->dependencies
dependncy->dependency
depenedent->dependent
depenent->dependent
depening->depending
depnds->depends
deprecatedf->deprecated
deprectaed->deprecated
dequed->dequeued
dereferencable->dereferenceable
deregisted->deregistered
deregisteres->deregisters
deregistrated->deregistered
dergeistered->deregistered
dergistration->deregistration
dericed->derived
deriver->derive
dermine->determine
dermines->determines
dervived->derived
desaster->disaster
desccription->description
desciminate->discriminate, disseminate, decimate,
describ->describe
descriminated->discriminated
descriminate->discriminate
descriminates->discriminates
descriminating->discriminating
descriptio->description
descritpro->descriptor
desctop->desktop
desctructed->destructed
desginer->designer
desgin-mode->design-mode
deslected->deselected
deslects->deselects
desroyer->destroyer
destanation->destination
destinatin->destination
destionation->destination
desturcted->destructed
detectetd->detected
deteremined->determined
deterine->determine
determenant->determinant
determind->determined
determinded->determined
determinee->determine
determinne->determine
determintes->determines
determnine->determine
detetmine->determine
dettach->detach
dettaching->detaching
device-dependend->device-dependent
devision->division
devive->device
devuce->device
dezibel->decibel
diabling->disabling
diagonale->diagonal
diagramas->diagrams
diamon->diamond
diappeares->disappeares
diaram->diagram
dicrectory->directory
dicretionary->discretionary
dictinary->dictionary
dictioanry->dictionary
dictoinaries->dictionaries
didnt't->didn't
diemsion->dimension
diffence->difference
diffenet->different
diffenrences->differences
differect->different
differenct->different
differenes->differences
differenly->differently
differernt->different
differes->differs
differetnt->different
differnce->difference
differnces->differences
differrence->difference
diffreences->differences
diffreents->different, difference,
diffrences->differences
diffrents->different, difference,
diffult->difficult
dignostics->diagnostics
dimemsions->dimensions
dimenison->dimension
dimensinoal->dimensional
dinteractively->interactively
dipose->dispose
dirctly->directly
directoris->directories
directorty->directory
directy->direclty
disabe->disable
disabler->disabled
disalb->disable
disalbe->disable
disambigouate->disambiguate
disambiguaiton->disambiguation
disbled->disabled
discovereability->discoverability
discriptor's->descriptor's
disokay->display
dispaly->display
dispatcgh->dispatch
displacment->displacement
displayes->displays
dispode->dispose
disposel->disposal
dispprove->disapprove
dissapered->disappeared
distantce->distance
distiguish->distinguish
distingusih->distinguish
distirted->distorted
distory->destroy
distribure->distribute
distrub->disturb
ditance->distance
ditinguishes->distinguishes
divicer->divider
dividor->divisor
dividors->divisors
divion->division
divrese->diverse
dloating->floating
docstatistik->docstatistic
docucument->document
docuemnts->documents
docuent->document
documentes->documents
documentserivce->documentservice
documnet->document
documument->document
docunment->document
doen't->doesn't
doesen't->doesn't
doesnot->doesn't
does'nt->doesn't
doesnt->doesn't, does not,
doesnt't->doesn't
doestn't->doesn't
dof->of
dollor->dollar
doocument->document
dosposing->disposing
dosument->document
dosuments->documents
dota->data
doube->double
doubel->double
doucment->document
doumentc->document
dows->does
draing->drawing
drats->drafts
draview->drawview
drawm->drawn
dreawn->drawn
drwaing->drawing
dscrete->discrete
dsiabled->disabled
dsiable->disable
dsiplayinfo->displayinfo
dsplays->displays
dthe->the
dtoring->storing
dublicat->duplicate
dublicates->duplicates
ducment->document
dummp->dummy
duoblequote->doublequote
duplicat->duplicate
duplicats->duplicates
durationm->duration
dureing->during
durning->during
dyanmically->dynamically
dynaminresultset->dynamicresultset
eachother->each other
eachs->each
earch->search
earler->earlier
earliear->earlier
eccessive->excessive
ecxept->except
ecxtracted->extracted
editedt->edited
editiing->editing
eescription->description
eferences->references
effexts->effects
efficcient->efficient
efficencty->efficiency
eforceable->enforceable
ege->edge
eihter->either
einstance->instance
eleent->element
elememt->element
elenment->element
elimiate->eliminate
elseswhere->elseswhere
elsewehere->elsewhere
embedd->embed
embedds->embeds
embedfield->embeddedfield
emegrency->emergency
emissed->remissed, amassed, amiss,
emiss->remiss, amiss, amass, 
emoty->empty
emprically->empirically
emptniess->emptiness
enableing->enabling
enablen->enabled
encapsualtes->encapsulates
encapsulatzion->encapsulation
encluding->including
encounterd->encountered
encripted->encrypted
encrytped->encrypted
endnoden->endnode
endpiont->endpoint
endpionts->endpoints
enegeries->energies
enegery->energy
enetered->entered
eneter->enter
enforcment->enforcement
engery->energy
enginge->engine
enhace->enhance
enhacement->enhancement
enhacements->enhancements
enhenced->enhanced
enhence->enhance
enhencement->enhancement
enhencements->enhancements
enhencment->enhancement
enhencments->enhancements
enlose->enclose
enmpty->empty
enmum->enum
enoguh->enough
enougth->enough
enouth->enough
entery->entry
entireity->entirety
entirey->entirely
entite->entire
entitie->entity
entrie->entries
enumation->enumeration
environmane->environment
environnement->environment
envolved->involved
envrionment->environment
epty->empty
eqaul->equal
eqaulity->equality
eqivalents->equivalents
erliear->earlier
ermergency->emergency
errornously->erroneously
errros->errors
ervery->every
erverything->everything
escapeable->escapable
escapemant->escapement
esecute->execute
essentiall->essential, essentially,
esssential->essential
establishs->establishes
esy->easy
etcp->etc
euivalents->equivalents
euqivalent->equivalent
evalation->evaluation
évaluate->evaluate
evaluete->evaluate
evenually->eventually
everybodies->everybody
everythig->everything
evnet->event
evyrthing->everything
exacty->exactly
examied->examined
examin->examining
exand->expand
excatly->exactly
excepetion->exception
excepions->exceptions
exceptionss->exceptions
excetion->exception
excetpion->exceptionts
exceutes->executes
exceution->execution
exclusiv->exclusive
excpeption->exception
excract->extract
exctacted->extracted
exctracted->extracted
exctract->extract
excution->execution
execeed->exceed
execeeds->exceeds
execption->exception
exected->executed
execting->executing
execure->execute
executbale->executable
exepected->expected
exeqution->execution
exhanged->exchanged
exisitent->existent
existend->existed
existense->existence
existng->existing
existsing->existing
existung->existing
exixst->exist
exlcuding->excluding
exluded->excluded
exluding->excluding
exmport->export
exntry->entry
exort->export
expaning->expanding
expanions->expansion
expecte->expected
expeption->exception
experssion->expression
explicat->explicate
explictily->explicitly
exponetial->exponential
expressino->expression
expresss->express
exprted->exported
exract->extract
exra->extra
exression->expression
exsistent->existent
exsist->exists
exsits->exists
extact->extract
extactly->exactly
extendet->extended
extenions->extension
extensilbe->extensible
extist->exist
extnesion->extension
extractino->extracting
extractins->extractions
extremelly->extremely
extry->entry
facilitiate->facilitate
facilitiates->facilitates
factorys->factories
fadind->fading
failture->failure
falied->failed
fallabck->fallback
falure->failure
familly->family
fastr->faster
faund->found
fave->save
fcound->found
fedality->fidelity
feld->field
fempto->femto
fhurter->further
fials->fails
fidality->fidelity
fiddley->fiddly
fieldlst->fieldlist
fieled->field
filal->final
fileds->fields
fille->fill
fillung->filling
filname->filename
fime->fixme
fincally->finally
finialization->finalization
finishs->finishes
fiorget->forget
firdt->first
firsr->first
fixeme->fixme
flage->flags
flages->flags
flate->flat
flushs->flushes
flyes->flies
focuse->focus
focusf->focus
folde->folder
folling->following
follod->followed
folloeing->following
followig->following
followind->following
followings->following
followng->following
fontains->contains
foontnotes->footnotes
foorter->footer
footnoes->footnotes
foramatting->formatting
foramt->format
forbbiden->forbidden
forewarded->forewarded, forwarded,
forgeround->foreground
forgoten->forgotten
formate->format
formates->formats
formattind->formatting
formely->formerly
formmatted->formatted
formt->format
formua->formula
formule->formulas
forr->for
fortat->format
forumla->formula
forumula->formula
forumulas->formulas
forwared->forwarded
fot->for
fracional->fractional
frambuffer->framebuffer
framebufer->framebuffer
framei->frame
frametyp->frametype
framlayout->framelayout
frmat->format
fromat->format
froms->forms
fron->from
frowarded->forwarded
froward->forward
frozee->frozen
ftranspareny->ftransparency
fuctionoid->functionoid
fugly->ugly
fullfiled->fulfilled
fullfil->fulfil
fullfiling->fulfilling
fullfils->fulfils
functionailty->functionality
funczion->function
funtionkeys->functionkeys
furher->further
furthemore->furthermore
furure->future
futer->further
futture->future
gemetry->geometry
genarate->generate
geneic->generic
generall->generally
generat->generate
generaton->generation, generator,
genration->generation
geomery->geometry
geometites->geometries
geometrc->geometry
geraphics->graphics
gererated->generated
gererate->generate
gernerate->generate
getlael->getlabel
getoject->getobject
ghraphic->graphic
gioen->given
girdcols->gridcols
gird->grid
givem->given
globbal->global
glyh->glyph
glyhs->glyphs
gobal->global
gogether->together
goin->going
grabage->garbage
grafics->graphics
grahic->graphic
grahics->graphics
granchildren->grandchildren
grapgics->graphics
graphcis->graphics
grbber->grabber
greate->greater
grephic->graphic
greysacles->greyscales
grop->drop
haa->has
hace->have
haeder->header
hald->held
halpoints->halfpoints
handeld->handled
handeled->handled
handleer->handler
handlig->handling
hanel->handle
hangig->hanging
hanlder->handler
hanlding->handling
happing->happening
happnes->happens
hardocde->hardcode
hashs->hashes
hava->have
havea->have
havent't->haven't
headong->heading
heaer->header
heigh->height, high,
helpfuly->helpfully
hendler->handler
hetrogenous->heterogeneous
heursitics->heuristics
hierarachy->hierarchy
hierarchic->hierarchical
highes->highest
hight->height
hights->height
histgram->histogram
histroy->history
hokay->okay
homegeneous->homogeneous
hopyfully->hopefully
horyzontally->horizontally
houres->hours
hovever->however
hte->the
htmp->html
humber->number
hundrets->hundreds
hve->have
hyerarchy->hierarchy
hyerlink->hyperlink
iamge->image
ibrary->library
iconifie->iconify
idefinite->indefinite
idendifier->identifier
idenifier->identifier
idenitified->identified
identfication->identification
identfier->identifier
identic->identical
identiifers->identifiers
identiy->identify
identtity->identity
idetifier->identifier
idetifiers->identifiers
idices->indices
iechart->piechart
ifself->itself
ignora->ignore
ignoreing->ignoring
ignroing->ignoring
imager->image
imaghe->image
imapge->image
imedatly->immediately
imidiately->immediately
immediatlly->immediately
immeditaly->immediately
immeditately->immediately
immidatly->immediately
implace->inplace
implcit->implicit
implememntation->implementation
implemenatation->implementation
implementantions->implementations
implementastion->implementation
implementatition->implementation
implementatoins->implementations
implementatoion->implementation
implemente->implement
implementes->implements
implemetnation->implementation
implemnt->implement
implemtation->implementation
implemtentation->implementation
implenmentation->implementation
implenment->implement
impletment->implement
implicitley->implicitly
implictly->implicitly
implmentations->implementations
imporing->importing
imporve->improve
imporvement->improvement
imporv->improve, improv,
imporving->improving
imporvment->improvement
impres->impress
inactivate->inactive
inacurracies->inaccuracies
inacurrate->inaccurate
inaktively->inactively
inalid->invalid
inappropreate->inappropriate
inclode->include
includee->include
includied->included
inclused->included
inconsistancy->inconsistency
inconstent->inconsistent
incremetal->incremental
incremet->increment
inctance->instance
incvalid->invalid
indenx->index
indepently->independently
inderect->indirect
indes->index
indiactor->indicator
indicateds->indicates
indicatee->indicates
indicees->indices
indictor->indicator
indirecty->indirectly
indistiguishable->indistinguishable
indivual->individual
indizies->indices
indvidual->individual
indxes->indexes
inefficently->inefficiently
inefficieny->inefficiency, inefficiently,
inertion->insertion
inestart->linestart
infex->index
infoemation->information
inforation->information
infor->info
informatikon->information
infromatoin->information
ingegral->integral
inintialization->initialization
initailize->initialize
initiales->initializes
initialialize->initialize
initialiase->initialize
initialiation->initialization
initialied->initialized
initialilzing->initializing
initialisiert->initialized
initialitze->initialize
initialitzing->initializing
initializaing->initializing
initializeing->initializing
initializong->initializing
initialzation->initialization
inituialization->initialization
inivisible->invisible
inizialize->initialize
inlude->include
inludes->includes
inluding->including
inly->only
inmmediately->immediately
inmplementation->implementation
inneffectual->ineffectual
innitialize->initializes
inouts->inputs
inpossible->impossible
inpust->input
inputsream->inputstream
inpuut->input
inro->into
insenstively->insensitively
insering->inserting
insertin->inserting
insertino->inserting
insetad->instead
inseted->inserted
insided->inside
insonsistency->inconsistency
instace->instance
instaces->instances
installatation->installation
installes->installs
instantations->instantiations
instantiaties->instantiates
instanze->instance
insterad->instead
inster->insert
instertion->insertion
instnce->instance
instrace->instance
instread->instead
instsallation->installation
insufficent->insufficient
insuffiency->insufficiency
intaces->instance
intance->instance
intantiate->instantiate
inteded->intended
intensitive->insensitive
intentation->indentation
interactiv->interactive
interafce->interface
interal->internal
interate->iterate
interating->iterating
intercation->interaction
interecptor->interceptor
intereested->interested
interepreted->interpreted
interessting->interesting
interfernce->interference
interlly->internally
internatinal->international
internface->interface
interperated->interpreted
interpreation->interpretation
interpretated->interpreted
interpretet->interpreted
interpretion->interpretation
interpretter->interpreter
interpretting->interpreting
interrested->interested
interrest->interest
interruptors->interrupters
interscetion->intersection
intersepts->intersteps
intersparsed->interspersed
intesity->intensity
intgers->integers
intimite->intimate
intitialization->initialization
intitialize->initialize
intity->entity
intot->into
intstead->instead
invaldates->invalidates
invalidatiopn->invalidation
invalide->invalid
invers->inverse
inverval->interval
invisiable->invisible
invlaid->invalid
invlisible->invisible
invokable->invocable
invokee->invoked
iplementation->implementation
irrelvant->irrelevant
isconnection->isconnected
iserting->inserting
isloation->isolation
isotrophically->isotropically
istener->listeners
isue->issue
iteratered->iterated
iterater->iterator
iteratons->iterations
iterm->term
itnervals->intervals
itselt->itself
itsems->items
ivocation->invocation
janurary->january
javasript->javascript
javasrript->javascript
jave->have
jscipt->jscript
jumpt->jump
justfied->justified
justication->justification
juunit->junit
kake->take
kazakstan->kazakhstan
keep-alives->keep-alive
kerenl->kernel
keyords->keywords
keystokes->keystrokes
keywors->keywords
knowlegde->knowledge
knowns->knows
kocalized->localized
kyrillic->cyrillic
labeld->labelled
labled->labeled, labelled,
lablels->labels
labling->labeling, labelling,
labouriously->laboriously
laiter->later
lanaguage->language
lanauge->language
lanuage->language
laout->layout
largets->largest
lates->later
lating->latin
leaast->least
leace->leave
leapyear->leap year
leapyears->leap years
leas->least, lease,
legitimiately->legitimately
lenghtening->lengthening
lenghten->lengthen
leninent->lenient
letgitimate->legitimate
letmost->leftmost
libgng->libpng
libray->library
libreoffie->libreoffice
libreoficekit->libreofficekit
libstc++->libstdc++
lifecyle->lifecycle
ligh->light
lightening->lightening, lightning, lighting,
likeley->likely
lileral->literal
limite->limit
limitiation->limitation
limitied->limited
lingth->length
linheight->lineheight
listbbox->listbox
listeing->listening
listenes->listens
listensers->listeners
listernes->listeners
listner->listener
livel->level
livetime->lifetime
loaader->loader
loacation->location
loadig->loading
loadin->loading
loadning->loading
locahost->localhost
localed->located
localzation->localization
loccked->locked
lockingf->locking
logwritter->logwriter
lolal->total
looknig->looking
loopup->lookup
loos->lose
loosy->lossy
lotation->rotation
lousily->loosely
lowercased->lowercase
mabe->maybe
mached->matched
macthing->matching
madantory->mandatory
maininly->mainly
maintanance->maintenance
maintane->maintain
maintanence->maintenance
maintenace->maintenance
maintiain->maintain
maintians->maintains
makro->macro
makros->macros
mananged->managed
mangager->manager
mantisses->mantisse
manuell->manual
manulally->manually
mapable->mappable
maped->mapped
mape->map
marging->margin
masquarade->masquerade
masqurade->masquerade
massages->messages
masster->master
matchies->matches
matchs->matches
mater->matter
mathed->matched
mathes->matches
mathod->method
matser->master
maxinum->maximum
mdoel->model
meachnisms->mechanism
meading->meaning
meanigfull->meaningful
meanining->meaning
meatfile->metafile
meathod->method
mebmer->member
mechnism->mechanism
meeds->needs
mege->merge
mehods->methods
memebr->member
memember->member
memery->memory
memorise->memorize
menas->means
menthods->methods
mentione->mentioned
menual->manual
menutitems->menuitems
merget->merge
merrors->mirrors
messag->message
Methoden->Methods
microsofot->microsoft
midified->modified
milimeters->millimeters
milimiters->millimiters
mimimun->minimum
minimial->minimal
minimumm->minimum
mininal->minimal
minum->minimum
minuts->minutes
miplementation->implementation
mirconesia->micronesia
mirroed->mirrored
mirrorn->mirror
misceancellous->miscellaneous
mismatich->mismatch
misscounted->miscounted
missings->missing
misssing->missing
misstypes->mistypes
missuse->misuse
mke->make
mmaped->mapped
mmatching->matching
modfel->model
modfiy->modify
modifaction->modification
modifdied->modified
modifid->modified
modifiy->modify
modulu->modulo
mofdified->modified
moint->mount
momemtn->moment
mongolianlayou->mongolianlayout
monstrum->monster
moodify->modify
mopre->more
mordern->modern
morover->moreover
mose->more
moslty->mostly
mould->module
mouspointer->mousepointer
movebackwrd->movebackward
moveble->movable
mthod->method
muext->mutex
mulitplicative->multiplicative
multidimensinal->multidimensional
multipul->multiple
multitute->multitude
multliple->multiple
musst->must
muste->must
mutices->mutexes
mutimarked->multimarked
muti->multi
mutiply->multiply
mutli->multi
mye->may
namepsace->namespace
namesd->named
namesspaces->namespaces
nastyness->nastiness
natvigation->navigation
neagtive->negative
nealy->newly
neares->nearest
nearset->nearest
necassery->necessary
necassry->necessary
neccessarry->necessary
neccsessary->necessary
necessariy->necessary
necessarry->necessary
necessesary->necessary
nechanism->mechanism
needeed->needed
neesds->needs
neighboors->neighbours
neightbour->neighbour
neightbours->neighbours
nenviroment->nenvironment
netacpe->netscape
netcape->netscape
nethods->methods
netscpe->netscape
nimutes->minutes
nned->need
noe->not
noermalsinvert->normalsinvert
nofified->notified
nohypen->nohyphen
noraml->normal
normale->normal
normnal->normal
nothihg->nothing
nothind->nothing
nothin->nothing
notication->notification
notifer->notifier
notificaction->notification
notifycation->notification
notity->notify
notmalized->normalized
notmalize->normalize
notning->nothing
nowadys->nowadays
nsplitt->nsplit
ntransfering->ntransferring
nubering->numbering
nulll->null
numbert->number
numerbering->numbering
numerial->numeral
numers->numbers
nummbers->numbers
obejct->object
objectss->objects
objetcs->objects
objext->object
obnject->object
obscur->obscure
obsevrer->observer
obsevrers->observers
occuped->occupied
occurrs->occurs
oclock->o'clock
ocntext->context
offic->office
offstets->offsets
offten->often
of of->of
ofrom->from
ofsetted->offsetted
oherwise->otherwise
ohterwise->otherwise
ojekts->objects
oje->one
oly->only
onces->once
ond->one
onece->once
oneyway->oneway
ongly->only
ontain->contain
ony->only
oommits->commits
opeartion->operation
opeinging->opening
openeing->opening
openening->opening
operatio->operation
operatng->operating
operaton->operation
opertion->operation
opionally->optionally
opnegroup->opengroup
opne->open
opportunties->opportunities
oppsofite->opposite
Optiional->Optional
optimazation->optimization
optimiality->optimality
optimitation->optimization
optimyze->optimize
optimze->optimize
optimzie->optimize
optioanl->optional
optionalliy->optionally
optionallly->optionally
optmized->optimized
orgamise->organise
orientatoin->orientation
oriente->oriented
origninal->original
osicllations->oscillations
otains->obtains
oter->other, otter,
othere->other
otherewise->otherwise
otherwis->otherwise
othwhise->otherwise
otiginal->original
otion->option
otput->output
oultinenodes->outlinenodes
oultiner->outliner
ountline->outline
ouptuted->outputted
ouptuting->outputting
ouptuts->outputs
ouputarea->outputarea
our our->our
ourselfs->ourselves
ourselvs->ourselves
outout->output
outputed->outputted
outselves->ourselves
oututs->outputs
overfl->overflow
overloded->overloaded
overriabled->overridable
overwritren->overwritten
overwrittes->overwrites
overwrittin->overwriting
ovrwrt->overwrite
ovservation->observation
ovveride->override
owerflow->overflow
ower->lower
owful->awful
ownder->owner
ownerhsip->ownership
paceholder->placeholder
paches->patches
packe->packed, packet,
pading->padding
paeth->path
painiting->painting
paintile->painttile
paintin->painting
paínt->paint
paiting->painting
pakageimpl->packageimpl
paket->packet
palatte->palette
paltette->palette
panting->painting
paoition->position
paragaph->paragraph
paragarapha->paragraph
paragaraph->paragraph
paragarph->paragraph
paragarphs->paragraphs
paragph->paragraph
paragpraph->paragraph
paragraphy->paragraph
paragrphs->paragraphs
parahaps->perhaps
parameterizes->parametrizes
paramterless->parameterless
paranthes->parentheses
pararagraph->paragraph
pararaph->paragraph
parargaph->paragraph
parargaphs->paragraphs
pararmeters->parameters
parctically->pratically
paremter->parameter
parenthese->parentheses
parially->partially
parliament->parlament
parnoia->paranoia
parseing->parsing
parsering->parsing
pase->pass
pash->hash
passowrd->password
peacd->peace
pecified->specified
pege->page
pepare->prepare
percentil->percentile
perference->preference
perferences->preferences
perhabs->perhaps
perisist->persist
permanentely->permanently
permited->permitted
peroendicular->perpendicular
persited->persisted
personaly->personally
perspecitve->perspective
persumably->presumably
pezier->bezier
phillipines->philippines
phisical->physical
phyton->python
pice->piece
pionter->pointer
piont->point
pionts->points
pitmap->pixmap
pixelx->pixels
platfom->platform
plausability->plausibility
plian->plain
pocessed->processed
pogress->progress
poiner->pointer
poing->point
poinits->points
poins->points
pointzer->pointer
poits->points
polyar->polar
polylon->polygon
polypoygon->polypolygon
polypoylgons->polypolygons
pontential->potential
ponting->pointing
pont->point
ponts->points
pontuation->punctuation
poperly->properly
poperty->property
popoup->popup
poppup->popup
porblem->problem
porperty->property
portioon->portion
posioned->positioned
posisitioned->positioned
posisition->position
posistion->position
positionof->position
posption->position
possibbe->possible
possibilitities->possibilities
possily->possibly
postcondtion->postcondition
postcondtions->postconditions
postgress->postgresql
postiive->positive
postition->position
postphoned->postponed
post-procesing->post-processing
postprocesing->postprocessing
post-proces->post-process
postulat->postulate
potenially->potentially
potenial->potential
potententially->potentially
potition->position
pount->point
pracitcal->practical
practicval->practical
prarameter->parameter
preaorocessing->preprocessing
preapared->prepared
prebious->previous
preceds->precedes
preceision->precision
precense->presence
precent->percent
precessor->predecessor
preciding->preceding
precomuted->precomputed
precondtioner->preconditioner
precondtioners->preconditioners
precondtionner->preconditioner
precondtionners->preconditioners
precondtion->precondition
precondtions->preconditions
precsions->precisions
precumputed->precomputed
predecesor->predecessor
predefineds->predefined
prefere->prefer, preferred,
preferr->prefer
preformed->performed
preivous->previous
prelimitary->preliminary
preoperty->property
pre-procesing->pre-processing
preprocesing->preprocessing
pre-proces->pre-process
preproces->preprocess
prerequesites->prerequisites
prerequiste->prerequisite
presenece->presence
presener->presenter
presernt->present
preserv->preserve
presumely->presumably
pretendend->pretended
preven->prevent
previosuly->previously
previou->previous
previouse->previous
previuous->previous
previus->previous
prewview->preview
prexixed->prefixed
prgram->program
primay->primary
primitve->primitive
primive->primitive
pringing->printing
prirority->priority
priviledged->privileged
privleges->privileges
prmitive->primitive
prmitives->primitives
proccessed->processed
procees->process
procentual->percentual
proceshandler->processhandler
procesing->processing
processeed->processed
processinf->processing
procoess->process
produceds->produces
proerties->properties
proerty->property
progres->progress
progrss->progress
proirity->priority
propably->probably
propage->propagate
propbably->probably
propeoperties->properties
properities->properties
propertery->property
propertyst->properties
propery->property, properly,
proplem->problem
proportianal->proportional
propotional->proportional
propotion->proportion, promotion,
propotions->proportions, promotions,
proproties->properties
propteries->properties
propt->prompt
propvider->provider
prority->priority
protcted->protected
protext->protect
protoco->protocol
provate->provide
provder->provider
provdided->provided
providfers->providers
providse->provide
provies->provides
provode->provide
prpeparations->preparations
pssed->passed
ptorions->portions
punctation->punctuation
purportive->supportive
purpse->purpose
pyhsical->physical
qualifer->qualifier
quatation->quotation
quckstarter->quickstarter
queiried->queried
queriable->queryable
queryies->queries
queryinterace->queryinterface
querys->queries
queu->queue
quitely->quite
quotaion->quotation
quottes->quotes
rade->read
radiobuttion->radiobutton
raison->reason
ralation->relation
rapresentation->representation
rapresent->represent
rathar->rather
rathern->rather
rceating->creating
readble->readable
readby->read
readded->read
readd->read
readeable->readable
readed->read
reaeched->reached
reaise->raise
realeased->released
realted->related
ream->stream
reasnable->reasonable
reassocition->reassociation
rebuilded->rebuilt
rebuilts->rebuilds
recalcuated->recalculated
recalcution->recalculation
receipient->recipient
receipients->recipients
recipie->recipe
recofig->reconfig
recongized->recognized
recontructing->reconstructing
recontruction->reconstruction
recontructions->reconstructions
recontructor->reconstructor
recontructors->reconstructors
recontructs->reconstructs
recources->resources
recreateation->recreation
rectanglar->rectangular
reculrively->recursively
recusrsive->recursive
recustion->recursion
recyclying->recycling
redenderer->renderer
redered->rendered
redict->redirect
redliens->redlines
redonly->readonly
redunant->redundant
reduse->reduce
reelation->relation
reelease->release
refcound->refcount
refelects->reflects
refenence->reference
refenrenced->referenced
referebces->references
referecne->reference
referenzes->references
refererence->reference
referers->referrer
refernece->reference
referneces->references
referres->refers
referr->refer
reffers->refers
refromatting->refomatting
refrormatting->reformatting
regestered->registered
regidstered->registered
registrer->register
regorded->recorded
regulariry->regulary
regurlarly->regulary
rehersing->rehearsing
reivison->revision
rekursion->recursion
relaative->relative
relaease->release
relaesed->release
relaese->release
relaeses->releases
relaesing->releasing
relaion->relation
relaive->relative
relatated->related
relativated->relative
relativ->relative
releaase->release
relead->reload
releant->relevant
releas->release
releation->relation
relesed->released
relese->release
rellocates->reallocates
relly->really
remainer->remainder
remaines->remains
remainst->remains
rember->remember
rememeber->remember
reminiscense->reminiscence
remmove->remove
remoce->remove
removerd->removed
remved->removed
remvoe->remove
remvoved->removed
reocurring->recurring
reonly->read-only
reopended->reopened
reord->record
reosurces->resources
reounded->rounded
reouted->routed
repaitnt->repaint
repant->repaint
repedability->repeatability
repedable->repeatable
reperesent->represent
repersentation->representation
repertoir->repertoire
repesentation->representation
repesented->rapresented
repete->repeat
repetive->repetitive
replaint->repaint
reportresouces->reportresources
reposititioning->repositioning
repositry->repository
repraesentation->representation
Represenation->Representation
represend->represent
reprsentation->representation
reprsentations->representations
reprsented->represented
reprsenting->representing
reprsent->represent
reprsents->represents
repspectively->respectively
repsresents->represents
reqested->requested
reqests->requests
reqiure->require
requeried->required
requierd->required
requies->requires
requres->requires
rererences->references
rerference->reference
rerpesentation->representation
rertieves->retrieves
rerurn->return
resest->reset
resetable->resettable
resizeable->resizable
resluts->results
resourceype->resourcetype
resoves->resolves
respecively->respectively
respose->response
ressult->result
restes->reset
restoding->restoring
restorated->restored
restors->restores
restouration->restoration
restucturing->restructuring
resturn->return
resturns->returns
resubstituion->resubstitution
resued->reused
resue->reuse
resuling->resulting
resulsets->resultsets
resultung->resulting
resumt->resume
retangles->rectangles
retcieves->retrieves
retet->reset
retieved->retrieved
retieve->retrieve
retieves->retrives
retriebe->retrieve
retriece->retrieve
retrieces->retrieves
retrieveds->retrieved
retriev->retrieve
retuned->returned
retunrned->returned
returnn->return
retursn->returns
retying->retrying
reurn->return
reutrns->returns
reveive->receive
revelent->relevant
reveokes->revokes
revered->reversed
reviewsectio->reviewsection
rhythimcally->rhythmically
righht->right
rimitives->primitives
rizes->rises
rlation->relation
rmeote->remote
roataion->rotation
roatation->rotation
roated->rotated
roation->rotation
roduceer->producer
rorated->rotated
rotaiton->rotaiton
rountrip->roundtrip
routet->routed
rovider->provider
rrase->erase
rsizing->resizing
rturns->returns
runned->ran, run,
runns->runs
rurrent->current
sacle->scale
safequard->safeguard
sais->says
samller->smaller
sate->state
savgroup->savegroup
sav->save
scecified->specified
sceme->scheme
scenarion->scenario
sceond->second
scrao->scrap
screnn->screen
scrollin->scrolling
scroolbar->scrollbar
scrren->screen
seacrchable->searchable
searchin->searching
secction->section
secod->second
secondy->secondary
sectin->section
seelect->select
seemes->seems
segemnts->segments
segmantation->segmentation
selcetion->selection
selcting->selecting
seleced->selected
selecing->selecting
selecte->selected
selectin->selection
seledted->sekected
selektions->selections
selektor->selector
semicolor->semicolon
semicolumn->semicolon
senquence->sequence
sensitiv->sensitive
sensivity->sentively
senteces->sentences
sentense->sentence
sentive->sensitive
separater->separator
separat->separate
separtates->separates
sepcific->specific
sepecial->special
sepecified->specified
seprarate->separate
seqeunce->sequence
sequeence->sequence
sequelce->sequence
sequencies->sequences
sequenzes->sequences
sequeze->sequence
sequnces->sequences
serached->searched
serieses->series
servce->service
servces->services
serveice->service
settins->settings
seuence->sequence
seve->save
shandow->shadow
sharable->shareable
shepe->shape
shif-tab->shift-tab
shortern->shorten
shotcut->shortcut
shouldbe->should
shoult->should
shpae->shape
shpaes->shapes
shpapes->shapes
shriks->shrinks
shutdownm->shutdown
siez->size
sigen->sign
sightly->slightly
sigit->digit
sigle->single
sigleton->singleton
signales->signals
signatue->signature
signatur->signature
signguature->signature
signifcantly->significantly
signifcant->significant
simlified->simplified
simplies->simplifies
simpy->simply
simulataneously->simultaneously
simulataneous->simultaneous
simutaneously->simultaneously
sinature->signature
singal->signal
singlton->singleton
sinlges->singles
sintax->syntax
sitck->stick
siturations->situations
sivible->visible
Sixtin->Sistine, Sixteen,
skalar->scalar
skipd->skipped
skiped->skipped, skyped,
skippd->skipped
skipp->skip, skipped,
slected->selected
sligtly->slightly
sliseshow->slideshow
sluggify->slugify
smallar->smaller
smooter->smoother
smooting->smoothing
smoot->smooth
smove->move
snyc->sync
soecialize->specialized
solarmutx->solarmutex
solwed->solved
someboby->somebody
somehting->something
somelse->some else
someon->someone
somethig->something
somethimes->sometimes
somethimg->something
somethiong->something
sometiems->sometimes
soource->source
sortings->sorting
sortlst->sortlist
sortner->sorter
sortnr->sorter
soruce->source
soruces->sources
sotred->sorted
sould->should
sourcedrectory->sourcedirectory
sourct->source
spaning->spanning
sparate->separate
spcifies->specifies
speciafied->specified
specic->specific
specifactions->specifications
specifices->specifies
specificially->specifically
specificl->specific
specilized->specialized
speicfied->specified
speparator->separator
spepc->spec
spiltting->splitting
splite->split
spliting->splitting
spllitting->splitting
spreasheets->spreadsheets
spredsheet->spreadsheet
spreedsheet->spreadsheet
sreturns->returns
srikeout->strikeout
srollbar->scrollbar
srtructure->structure
stach->stack
staement->statement
stae->state
stamement's->statement
standalown->standalone
standarad->standard
standtard->standard
stanp->stamp
stard->start
startign->starting
startlisteneing->startlistening
startting->starting
statemet->statement
statrt->start
statubar->statusbar
staus->status
stcokbrush->stockbrush
steams->streams
stil->still
stipped->stripped
stle->style
stlyes->styles
stopps->stops
stopp->stop
storag->storage
storeage->storage
stoream->stream
strangly->strange
streatched->stretched
strectch->stretch
streem->stream
strema->stream
striclty->strictly
strig->string
stronly->strongly
strotage->storage
structue->structure
sttetings->settings
stting->string
styhe->style
subcommannd->subcommand
subdivisiond->subdivisioned
subfroms->subforms
submision->submission
submisson->submission
submited->submitted
subsedent->subsequent
substact->subtract
substitions->substitutions
substitue->substitute
substituing->substituting
subtabels->subtables
succcess->success
successfule->successful
successfullly->successfully
successing->successive
successs->success
succseeded->succeeded
suficcient->sufficient
suggesttions->suggestions
suggesttion->suggestion
sumed-up->summed-up
summerized->summarized
superfulous->superfluous
superseedd->superseded
superseede->supersede
supllies->supplies
suppoert->support
supporession->suppression
suppressingd->suppressing
suppres->suppress
surprisinlgy->surprisingly
surregat->surrogate
survices->survives
survice->survive
suspicios->suspicious
sutdown->shutdown
svae->save
swalloed->swallowed
swcloumns->swcolumns
swiched->switched
swich->switch
swithed->switched
swithing->switching
swith->switch
swown->shown
sxl->xsl
sychronisly->synchronously
sychronmode->synchronmode
syllabills->syllabification
symantics->semantics
synching->syncing
synchonrous->synchronous
synchroizing->synchronizing
synchroneous->synchronous
synchronus->synchronous
syndonic->syntonic
syntaxg->syntax
syntetic->synthetic
sysbols->symbols
syschronize->synchronize
sysmbol->symbol
systemwindiow->systemwindow
sytlesheet->stylesheet
tabeles->tables
tabels->tables
tabel->table
tabe->table
tabeview->tabview
tabke->table
tablle->table
taget->target
tagggen->taggen
tagnets->tangents
tagnet->tangent
tangeantial->tangential
tangeants->tangents
tangentailly->tangentially
tangetially->tangentially
tangets->tangents
tanget->tangent
tansfomed->transformed
targer->target
targte->target
targt->target
tavelling->travelling
teamplate->template
telocom->telecom
teminated->terminated
teminating->terminating
temlate->template
temorarily->temporarily
tempdate->template
templaet->template
templateas->templates
templat->template
tempoaray->temporary
tempopary->temporary
temporaere->temporary
temporalily->temporarily
temporarilu->temporary
temporarirly->temporarily
tempory->temporary
temproary->temporary
terminte->terminate
tesed->used
tese->these
tetry->retry
tetss->tests
tetxture->texture
texline->textline
textfrme->textframe
tey->they
thare->there
that that->that that, that, that the, that they, that this,
thck->thick
thefore->therefore
theoreticall->theoretically
thereads->threads
therefor->therefore
therem->there
thererin->therein
thes->these
thest->test
they they->they
thimngs->things
thinn->thin
thise->these
thjese->these
thos->these
thrad->thread
threadsave->threadsafe
threatments->treatments
threatment->treatment
threrefore->therefore
thre->three
throen->thrown
throgh->through
thron->thrown
throught->through
througth->through
througt->through
throwgh->through
thrusts->trusts
thsose->those
tiemout->timeout
tighly->tightly
timmestamp->timestamp
tim->time
tipe->type, tip,
titels->titles
titel->title
toches->touches
toggel->toggle
tolarable->tolerable
toleranz->tolerance
tood->todo
toogling->toggling
tookits->toolkits
toolar->toolbar
toolsbox->toolbox
tooo->todo
toos->tools
totation->rotation
touble->trouble
toubling->troubling
trackign->tracking
tranformative->transformative
tranient->transient
tranport->transport
transacion->transaction
transfomed->transformed
transfomm->transform
transfom->transform
transfoprmation->transformation
transformated->transformed
translteration->transliteration
transmision->transmission
transmitsion->transmission
transmitts->transmits
transparecy->transparency
transpeorted->transported
transportatin->transportation
transtormed->transformed
transtorm->transform
transverse->traverse
tranversing->traversing
travese->traverse
tread->thread
treak->treat
trgistration->registration
trhe->the
triange->triangle
trigerred->triggered
triggeres->triggers
trimed->trimmed
trings->strings
tring->trying
trivias->trivia
trnsfered->transferred
truncat->truncate
tryes->tries
tryig->trying
tuhmbnail->thumbnail
tyies->tries
tyope->type
typicall->typically
typographc->typographic
ubiquituously->ubiquitously
ubutunu->Ubuntu
udpater->updater
uique->unique
ukowns->unknown
ultimatly->ultimately
umambiguous->unambiguous
umarked->unmarked
umark->unmark
ummark->unmark
unabale->unable
unabel->unable
unambigously->unambiguously
unanimuous->unanimous
unaquired->unacquired
unce->once
unchenged->unchanged
uncompresed->uncompressed
uncompreses->uncompresses
uncompresing->uncompressing
uncompres->uncompress
unconditionnally->unconditionally
uncondtionally->unconditionally
undefied->undefined
undefiend->undefined
underlow->underflow
understoud->understood
undistinghable->indistinguishable
uneeded->needed
uneforceable->unenforceable
unexepected->unexpected
unexpecte->unexpected
unexspected->unexpected
unfurtunately->unfortunately
unidentifiedly->unidentified
unifiy->unify
uninitialzed->uninitialized
uninitialze->uninitialize
uninstatiated->uninstantiated
uniquness->uniqueness
unitialize->uninitialize
unitss->units
universtal->universal
unknonws->unknowns
unknows->unknowns, unknows,
unknow->unknown, unknow,
unknwons->unknowns
unkonwns->unknowns
unkowns->unknowns
unlimitied->unlimited
unmarkalllobj->unmarkallobj
unning->running
unorotated->unrotated
unpleasent->unpleasant
unprecise->imprecise
unprmopted->unprompted
unqiue->unique
unrecovable->unrecoverable
unregisted->unregistered
unregisteing->registering
unregisterd->runegistered
unregisteres->unregisters
unregistert->unregistered
unregistes->unregisters
unregiste->unregister
unregisting->unregistering
unregistred->unregistered
unregistrs->unregisters
unregsitered->unregistered
unregsitering->unregistering
unregsiters->unregisters
unregsiter->unregister
unregstered->unregistered
unregstering->unregistering
unregsters->unregisters
unregster->unregister
unreigstered->unregistered
unreigstering->unregistering
unreigsters->unregisters
unreigster->unregister
unresgisterd->unregistered
unresgistered->unregistered
unresgisters->unregisters
unresgister->unregister
unroated->unrotated
unsed->unused, used,
unsufficient->insufficient
unsupport->unsupported
unsused->unused
unter->under
untoched->untouched
untypically->atypically
ununsed->unused
unxpected->unexpected
unziped->unzipped
updatig->updating
uperclass->upperclass
upported->supported
upporterd->supported
uppwards->upwards
uptadeable->updatable
uscaled->unscaled
usesfull->useful
usign->unsign
usig->using
usin->using
uspported->supported
usuall->usually
ususal->usual
vaalues->values
vaiants->variants
valiator->validator
valies->values
valif->valid
valkues->values
vallues->values
vallue->value
valudes->values
valuie->value
valuse->value
vanishs->vanishes
varaiation->variation
varation->variation
varialbles->variables
varian->variant
varibles->variables
varible->variable
varifying->verifying
variuos->various
variuous->various
varoius->various
vaue->value
vavlue->value
vbsrcript->vbscript
vefiry->verify
verfy->verify
veritcal->vertical
vertextes->vertices
vertexts->vertices
vertial->vertical
verticall->vertical
verticlealign->verticalalign
verticle->vertical
veryfieng->verifying
vetexes->vertices
vetex->vertex
vhild->child
viatnamese->vietnamese
viewtransfromation->viewtransformation
virtuell->virtual
virture->virtue
visblie->visible
vise->vice
visibale->visible
visibles->visible
visiblities->visibilities
visiblity->visibility
visiblle->visible
visisble->visible
viusualisation->visualisation
vlaues->values
vlaue->value
vlues->values
volums->volume
voxes->voxels, voxel,
walkong->walkon
wasy->ways
wathc->watch
wating->waiting
wavelnes->wavelines
weant->want
weitght->weight
we we->we
whats->what's
whch->which
wheather->whatever
whenevery->whenever
wherether->whether
wher->where
whery->where
whet->when
whicht->which
whioch->which
whitchever->whichever
whithin->within
whoes->whose
wichid->whichid
widthn->width
wieth->width
wihite->white
wihtin->within
windos->windows
windwo->window
winodw->window
wirh->with
witha->with
withih->within
withion->within
withoud->without
withour->without, with our,
witho->with
witth->with
wollow->follow
wollowing->following
wont't->won't
workaorund->workaround
workarround->workaround
workbanch->workbench
worser->worse
wqs->was
wraping->wrapping, warping,
writewr->writer
writingm->writing
wronf->wrong
wuold->would
xdpf->xpdf
xelementacces->xelementaccess
xinitiazlize->xinitialize
xmdoel->xmodel
yieldin->yielding
ymbols->symbols
youre->your
ypes->types
Yugoslac->Yugoslav
ziped->zipped
zlot->slot
zuser->user
